{"freqs": [[14, 1], [1, 1], [1, 1]], "mod_indices": [[0, 0.5858585858585859], [0, 0.898989898989899], [0, 0.797979797979798]], "envs": [[1, 1], [1, 1], [1, 1]], "output_env": [0.0125, 0.025, 0.15, 0.7, 0.05], "mod_0": [0, 0, 0], "algorithm": [2, 2, 2], "feedback": [[0, 0], [0, 0], [0, 0]]}